WETH,WETH,0xc02aaa39b223fe8d0a0e5c4f27ead9083c756cc2,null,0xA2881A90Bf33F03E7a3f803765Cd2ED5c8928dFb,6082.016388,6064.094333,0.9997821972
DAI,Dai,0x89d24a6b4ccb1b6faa2625fe562bdd9a23260359,79161136.21,0x09cabEC1eAd1c0Ba254B09efb3EE13841712bE14,5491.927503,1196489.406,0.004576260459
WBTC,Wrapped Bitcoin,0x2260fac5e5542a773aa44fbcfedf7c193bc2c599,null,0x4d2f5cFbA55AE412221182D8475bC85799A5644b,2349.878558,5.05E-09,2349.878546
TKN,TokenCard,0xaaaf91d9b90df800df4f55c205fd6989c977e73a,13323003.16,0xb6cFBf322db47D39331E306005DC7E5e6549942B,1207.274727,0.00006446973119,1207.196665
SPANK,SpankChain,0x42d6622dece394b54999fbd73d108123806f6a18,2423060.711,0x4e395304655F0796bc3bc63709DB72173b9DdF98,1045.722048,26191704.82,0.00003980591753
BAT,Basic Attention Token,0x0d8775f648430679a709e98d2b0cb6250d2887ef,302302582.4,0x2E642b8D59B45a1D8c5aEf716A84FF44ea665914,922.0608954,849897.5531,0.00108165229
XCHF,CryptoFranc,0xb4272071ecadd69d933adcd19ca99fe80664fc08,null,0x8dE0d002DC83478f479dC31F76cB0a8aa7CcEa17,591.9599879,125371.793,0.004707433791
REP,Augur,0x1985365e9f78359a9b6ad760e32412f4a445e862,132707053.4,0x48B04d2A05B6B604d8d5223Fd1984f191DED51af,387.1373452,6979.007155,0.05529737871
DGX,Digix Gold Token,0x4f3afec4e5a3f2a6a1a411def7d7dfe50ee057bf,4733981.925,0xb92dE8B30584392Af27726D5ce04Ef3c4e5c9924,358.1386959,0.000001712040318,358.1380809
USDC,USD Coin,0xa0b86991c6218b36c1d19d4a2e9eb0ce3606eb48,403933366.5,0x97deC872013f6B5fB443861090ad931542878126,328.4246977,7.15E-08,328.4246741
ANT,Aragon,0x960b236a07cf122663c4303350609a66a7b288c0,25109439.14,0x077d52B047735976dfdA76feF74d4d988AC25196,320.8665493,84874.55078,0.003769094375
GNO,Gnosis,0x6810e776880c02933d47db1b9fc05908e5386b96,19587388.6,0xe8e45431b93215566BA923a7E611B7342Ea954DF,302.7648411,3685.168479,0.08188903843
ZRX,0x,0xe41d2489571d322189246dafa5ebde1f4699f498,137533688.4,0xaE76c84C9262Cdb9abc0C2c8888e62Db8E22A0bF,297.3446545,280753.4489,0.001055914252
LINK,Chainlink,0x514910771af9ca656af840dff83e8264ecf986ca,867773757.3,0xF173214C720f58E03e194085B1DB28B50aCDeeaD,260.1683775,22837.77476,0.01135734772
FUN,FunFair,0x419d0d8bdd9af5e606ae2232ed285aff190e711b,20341355.45,0x60a87cC7Fca7E53867facB79DA73181B1bB4238B,209.4872809,0.001439889211,209.1851711
SNT,Status,0x744d70fdbe2ba4cf95131626614a1763df805b9e,72596456.1,0x1aEC8F11A7E78dC22477e91Ed924Fab46e3A88Fd,113.659827,1178803.484,0.00009613031622
PNK,Kleros,0x93ed3fbe21207ec2e8f2d3c3de6e058cb73bc04d,1794197.972,0xF506828B166de88cA2EDb2A98D960aBba0D2402A,99.41256266,2717464.182,0.00003647308004
NMR,Numeraire,0x1776e1f26f98b1a5df9cd347953a26dd3cb46671,8268017.955,0x2Bf5A5bA29E60682fC56B2Fcf9cE07Bef4F6196f,95.3599598,3163.988515,0.03003927805
RLC,iExec RLC,0x607f4c5bb672230e8672085532f7e901544a7375,21430430.75,0xA825CAE02B310E9901b4776806CE25db520c8642,93.91275521,0.00007594958209,93.90560166
NEXO,Nexo,0xb62132e35a6c13ee1ee0f84dc5d40bad8d815206,55284138.79,0x069C97DBA948175D10af4b2414969e0B88d44669,90.47773525,206079.4405,0.0004377237507
HOT,Holo,0x6c6ee5e31d828de241282b9606c8e98ea48526e2,169426876.9,0xd4777E164c6C683E10593E08760B803D58529a8E,81.49705418,13906419.1,0.00000584280947
BNT,Bancor,0x1f573d6fb3f13d689ff844b4ce37794d79a7ff1c,30508663.6,0x87d80DBD37E551F58680B4217b23aF6a752DA83F,79.3477789,35187.85186,0.002248147869
RDN,Raiden Network Token,0x255aa6df07540cb5d3d297f0d0d4d84cb52bc8e6,13035404.72,0x7D03CeCb36820b4666F45E1b4cA2538724Db271C,79.29008229,67236.92701,0.001175708697
LOOM,Loom Network,0xa4e8c3ec456107ea67d3075bf9e3df3a75823db0,37873321.05,0x417CB32bc991fBbDCaE230C7c4771CC0D69daA6b,69.62051484,331805.1342,0.0002091934017
RPL,Rocket Pool,0xb4efd85c19999d84251304bda99e90b92300bd93,null,0x3Fb2F18065926DdB33E7571475c509541d15dA0e,66.21847082,30052.72653,0.00219672665
DGD,DigixDAO,0xe0b7927c4af23765cb51314a0e0521a9645f0e2a,36696990.96,0xD55C1cA9F5992A2e5E379DCe49Abf24294ABe055,53.78716471,6.22E-07,53.78713117
BLT,Bloom,0x107c4504cd79c5d2696ea0030a8dd4e92601b82e,3362674.369,0x0E6A53B13688018A3df8C69f99aFB19A3068D04f,52.99120572,182218.328,0.0002899375909
KNC,Kyber Network,0xdd974d5c2e2928dea5f71b9825b8b646686bd200,30950391.23,0x49c4f9bc14884f6210F28342ceD592A633801a8b,52.70479755,61990.29554,0.0008476461936
GRID,Grid+,0x12b19d3e2ccc14da04fae33e63652ce469b3f2fd,3159769.609,0x4B17685b330307C751B47f33890c8398dF4Fe407,50.6763913,0.1376432092,44.52885429
MANA,Decentraland,0x0f5d2fb29fb7d3cfee444a200298f468908cc942,44684227.68,0xC6581Ce3A005e2801c1e0903281BBd318eC5B5C2,46.00943708,233791.1921,0.0001962059081
RCN,Ripio Credit Network,0xf970b8e36e23f7fc3fd752eea86f8be8d83375a6,9135422.175,0xD91FF16Ef92568fC27F466C3c5613e43313Ab1dc,43.82902703,525098.1552,0.00008321769283
LRC,Loopring,0xbbbbca6a901c926f240b89eacb641d8aec7aeafd,34851716.39,0xA539BAaa3aCA455c986bB1E25301CEF936CE1B65,39.38425652,218556.6333,0.0001796601825
GEN,DAOstack,0x543ff227f64aa17ea132bf9886cab5db55dcaddf,3571842.755,0x26Cc0EAb6Cb650B0Db4D0d0dA8cB5BF69F4ad692,38.55483991,98358.83158,0.0003908015696
FOAM,FOAM,0x4946fcea7c692606e8908002e55a582af44ac121,14659650.52,0xf79cb3BEA83BD502737586A6E8B133c378FD1fF2,36.41379691,168862.1358,0.0002149939713
AMPL,Ampleforth,0xd46ba6d942050d489dbd938a2c909a5d5039a161,null,0x042dBBDc27F75d277C3D99efE327DB21Bc4fde75,32.98603991,0.000005703329265,32.98585121
ENJ,Enjin Coin,0xf629cbd94d3791c9250152bd8dfbdf380e2a3b9c,68423248.88,0xb99A23b1a4585fc56d0EC3B76528C27cAd427473,30.63236069,76247.29758,0.0004005396289
FTX,FintruX Network,0xd559f20296ff4895da39b5bd9add54b442596a61,2540790.124,0x80f0f3E1482bAB7fb6ED70185476f2FCDB596fa9,25.11392769,208829.5208,0.0001198990749
STORJ,Storj,0xb64ef51c888972c908cfacf59b47c1afbc0ab8ac,24753814.12,0xA7298541E52f96d42382eCBe4f242cBcBC534d02,18.92309732,0.000002240093749,18.9230548
TRST,WeTrust,0xcb94be6f13a1182e4a4b6140cb7bf2025d28e41b,1985672.194,0x95E4649F5209dD292cAF1F087b8F1Db3bE24927f,18.78935969,1.89E-07,18.78935613
C20,CRYPTO20,0x26e75307fc0c021472feb8f727839531f112f317,24377719.7,0xF7B5A4b934658025390ff69dB302BC7F2AC4a542,18.19406582,6285.677982,0.002885385943
FT,Fabric Token,0x78a73b6cbc5d183ce56e786f6e905cadec63547b,155241.7201,0xF5bb20E73c59e0f643aE4bcd89d761eBDeC83B73,15.05427865,493757.2506,0.00003039770149
LPT,Livepeer,0x58b6a8a3302369daec383334672404ee733ab239,null,0xc4a1C45D5546029Fd57128483aE65b56124BFA6A,12.18046626,406.2991801,0.02981595571
SWT,Swarm City,0xb9e7f8568e08d5659f5d29c4997173d84cdf2607,631521.0343,0x755160062e3e09D34AF0A00Ff8CaB8500e81e0d7,11.89403233,28278.27481,0.0004193301126
0xBTC,0xBitcoin,0xb6ed7644c69416d67b522e20bc294a9a9b405b31,1098864.927,0x701564Aa6E26816147D4fa211a0779F1B774Bb9B,11.75759989,0.000001114518528,11.75758675
FND,FundRequest,0x4df47b4969b2911c966506e3592c41389493953b,132529.1905,0xe52d807Ad934953315ccFe56f3B6425fcfF04b2b,10.80204324,1893868.283,0.000005686578914
LEO,UNUS SED LEO,0x2af5d2ad76741191d15dfe7bf6ac92d4bd912ca3,1331508658,0xB54084AC1FFd5682771cFf0432a29110923de100,10.00650082,1539.073161,0.006477939493
FXC,Flexacoin,0x4a57e687b9126435a9b19e4a802113e266adebde,75438737.01,0xB878876e0627E362fD3d1AFeEBdf0Bd69BbA1911,8.643308412,416912.059,0.00002066948579
REQ,Request,0x8f8221afbb33998d8584a2b05749ba73c37a938a,9919354.31,0xBCdF538581F7167EC8228EC2C9b1Cfc2F74788c7,7.179153924,113577.3812,0.00006301918177
BEE,Bee Token,0x4d8fc1453a0f359e99c9675954e656d80d996fbf,126097.3258,0xe9078a97EEf2bB502A9F792169f9c03626649248,6.765686009,2818818.06,0.000002392984017
REN,Ren,0x408e41876cccdc0f92210600ef50372656052a38,93658038.97,0x43892992B0b102459E895B88601Bb2C76736942c,6.312541771,10861.37062,0.0005793952449
STX,Stox,0x006bea43baa3f7a6f765f14f10a1a1b08334ef45,937564.8867,0x2aFc64cD5E64a32A363EA84b8CaD1ce5239a1A3D,5.836330923,71222.37314,0.00008169821112
SALT,SALT,0x4156d3342d5c385a87d264f90653733592000581,14126859.15,0xC0C59cDe851bfcbdddD3377EC10ea54A18Efb937,5.44933411,6.54E-07,5.449330533
LQD,Liquidity Network,0xD29F0b5b3F50b07Fe9a9511F7d86F4f4bAc3f8c4,2500547.333,0xe3406e7D0155E0a83236eC25D34Cd3D903036669,5.128249846,15403.13341,0.0003319152046
DATA,Streamr DATAcoin,0x0cf0ee63788a0849fe5297f3407f701e122cc023,10018579.33,0x4F0d6E2179938828CfF93dA40a8BA1Df7519Ca8C,4.548172284,65513.63497,0.00006921396993
XD,Data Transaction Token,0x24dcc881e7dd730546834452f21872d5cb4b5293,11345999.71,0xb7Cf1E1eA55572713fEeeC025D7CF56b3C6C6B6d,2.301337163,8940.897226,0.000256593636
DNT,district0x,0x0abdace70d3790235af448c88547603b945604ea,6012093.02,0xaA3B3810c8AaDA6cBd2Ce262699903ad7AE6a7ef,2.058681086,42073.96142,0.00004878210507
KIN,Kin,0x818fc6c2ec5986bc6e2cbf00939d90556ab12ce5,11988937.55,0xb7520a5F8c832c573d6BD0Df955fC5c9b72400F7,1.793640099,17460461.96,1.02E-07
AMN,Amon,0x737f98ac8ca59f2c68ad658e3c3d8c8963e40a4c,661754.635,0xE6C198d27a5B71144B40cFa2362ae3166728e0C8,1.771645295,322564.9981,0.000005475872801
CVC,Civic,0x41e5560054824ea6b0732e656e3ad64e20e94e45,17771641.52,0x1C6c712b1F4a7c263B1DBd8F97fb447c945d3b9a,1.771640266,7.32E-07,1.771638965
QSP,Quantstamp,0x99ea4db9ee77acd40b119bd1dc4e33e1c070b80d,10014590.54,0x82Db9FC4956Fa40efe1e35d881004612B5CB2cc2,1.72924683,21225.74297,0.0000812210962
LST,Lendroid Support Token,0x4de2573e27e648607b50e1cfff921a33e4a34405,null,0x98bDF4E7575319bCd5878c1c7c49A4AF618b24cF,1.570229217,780382.0242,0.000002006089941
CAN,CanYaCoin,0x1d462414fe14cf489c7a21cac78509f4bf8cd7c0,1189512.894,0x066198694b1dB74D67007d19a7C4F2fc3A061075,1.500329497,1.31E-08,1.500329477
DICE,Etheroll,0x2e071D2966Aa7D8dECB1005885bA1977D6038A65,4199893.903,0xb7836492F5850D9B61d6B71C73697C5B9676208d,1.486516175,4.978805432,0.2480095183
IOTX,IoTeX,0x6fb3e0a217407efff7ca062d46c26e5d60a14d69,27210182.87,0x084f002671a5f03D5498B1e5fb15fc0cfee9a470,1.01,29703.85259,0.00003389917855
SNX,Synthetix Network Token,0xc011a72400e58ecd99ee497cf89e3775d4bd732f,27283576.48,0x23228Ec35E810569495bd0AA4d56E9fad759Bb29,1,2000,0
UFR,Upfiring,0xea097a2b1db00627b2fa17460ad260c016016977,858125.0138,0x2263fD7c62914aB8EC2B5e7b00Bc8371a6C0d221,0.9349963145,4697.604932,0.0001983975955
RLX,Relex,0x4a42d2c580f83dce404acad18dab26db11a1750e,494918.9356,0x9f8DB6F625555230f549a9b1E2E314e0A3AaF68A,0.8539299642,870233.3994,9.78E-07
AST,AirSwap,0x27054b13b1b798b345b591a4d22e6562d47ea75a,6692315.509,0xc462A2fd31c83f6ee220400D1506d9E9f1f4BB01,0.7748429062,3.81E-11,0.7748429061
DOS,DOS Network,0x70861e862e1ac0c96f853c8231826e469ead37b1,1230981.886,0xb5E96c3AD1cCC79e7ab13433471bAf785BB4977E,0.7166704999,12898.53562,0.00005539119202
ELET,Elementeum,0x6c37bf4f042712c978a73e3fd56d1f5738dd7c43,101227.3302,0x56364D9B65961D014E8fD0F900D6924C845f9498,0.6246449632,3211.002398,0.0001938888994
MFT,Mainframe,0xdf2c7238198ad8b389666574f2d8bc411a4b7428,15257330.17,0x09F448C70C99124024CD9E8dCae6C2F51c0896DB,0.5401885509,65371.18533,0.000008238488697
MYB,MyBit,0x5d60d8d7ef6d37e16ebabc324de3be57f135e0bc,134777.8453,0x1e0fBDaf60E1195A46e2AF40a1C7B84460a13444,0.5105080587,124507.7335,0.000004087878277
PMA,PumaPay,0x846c66cf71c43f80403b51fe3906b3599d63336f,9636571.867,0xcc36E05EeFFaC3EB61b696d0Bb328f2b08389fB5,0.3215050615,167428.7145,0.000001914478281
SETH,Sether,0x78b039921e84e726eb72e7b1212bb35504c645ca,389272.3506,0xb25B24C590c3B92d18d41A9201922Eb94Ba884d2,0.27324318,3195.826667,0.00008521691493
SUB,Substratum,0x8D75959f1E61EC2571aa72798237101F084DE63a,6413190.153,0xC080B284028e37E3B26D85F2c53AD51904471d7A,0.216108,2401.2,0.00008969275875
BNTY,Bounty0x,0xd2d6158683aee4cc838067727209a0aaf4359de3,777361.2411,0xD1f3e9B413f5c9Fd56F044699c64ff710E7e5A9A,0.173847031,9657.251613,0.00001794585093
POWR,Power Ledger,0x595832f8fc6bf59c85c527fec3740a1b7a361269,32153220.16,0xABE1E210F2C97ae4bC7B17F8dAa2E8db993337f5,0.1638496325,4.78E-10,0.1638496324
NOW,NOW Token,0xe9a95d175a5f4c9369f3b74222402eb1b837693b,1241471.502,0xBe33fdAD6efD453594E8Ece3C53fD0Ae62B7cc74,0.157833,2.77E-07,0.1578329562
GUSD,Gemini Dollar,0x056Fd409E1d7A124BD7017459dFEa2F387b6d5Cd,7471658.707,0xD883264737Ed969d2696eE4B4cAF529c2Fc2A141,0.149811109,4.94E-15,0.149811109
OST,OST,0x2c4e8f2d746113d0696ce89b35f0d8bf88e0aeca,10361114.74,0x700520B1E2cCC5bF5fA89a5F7B8fd9BebA3F04b0,0.1147285336,1493.138538,0.00007655553666
EDG,Edgeless,0x08711d3b02c8758f2fb3ab4e80228418a7f8e39c,8541415.253,0x4ac2CceBaC7B96f1E66FbB7049c740A8cA8ef78D,0.1076987602,3.60E-16,0.1076987602
ETHPLO,ETHplode,0xe0c6ce3e73029f201e5c0bedb97f67572a93711c,null,0x59Af19879E9dcd298B9F1Ad2B1EE5f5F7eD2D332,0.1,5.99E-10,0.09999999994
PAX,Paxos Standard Token,0x8e870d67f660d95d5be530380d0ec0bd388289e1,161911801.3,0xC040d51b07Aea5d94a89Bc21E8078B77366Fc6C7,0.09832675411,21.39136853,0.004378692164
DRGN,Dragonchain,0x419c4db4b9e25d6db2ad9691ccb832c8d9fda05e,19931046.31,0x9881aD0C92d5a908d97dF7f86626903ADA1bfd29,0.09555322167,267.9005607,0.0003542857055
NPXS,Pundi X,0xa15c7ebe1f07caf6bff097d8a589fb8ac49ae5b3,142296691.1,0x93Ff2C787C140c4ce21F01cC211FBDACe274077F,0.09104799925,30776.84583,0.000002949357294
ART,Maecenas,0xfec0cf7fe078a500abf15f1284958f22049c2c7e,4765895.809,0x63a91A8B6f6289aA93F18539D245EC49c6169CD7,0.08846363522,244.9488267,0.0003586084201
WAX,WAX,0x39Bb259F66E1C59d5ABEF88375979b4D20D98022,58734700.62,0xB3D8E9b03A7c5A5F6beA1EadAFA3c766316225d3,0.08306887963,3.08E-08,0.08306887707
BTU,BTU Protocol,0xb683d83a532e2cb7dfa5275eed3698436371cc9f,25993590.88,0xeA3A62838477082d8f2106c43796D636dc78d8A4,0.06701024573,46.15002821,0.001417039791
MET,Metronome,0xa3d58c4e56fedcae3a7c43a725aee9a71f0ece4e,8082814.312,0x006B6e89eE1531cfE5b6d32da0d80CC30506A339,0.06654468205,11,0.005530136534
EOST,EOST TRUST,0x87210f1d3422ba75b6c40c63c78d79324dabcd55,null,0x25DAA8eF739c741FC136162Bf183b58DD249b4F7,0.05901897349,296735.5702,1.98E-07
EVN,Envion,0xd780ae2bf04cd96e577d3d014762f831d97129d0,8000821.231,0x55fff16e7AC0FE75B2a9598B5685531E27853dF1,0.05,170,0.0002915255823
ETHOS,Ethos,0x5af2be193a6abca9c8817001f45744777db30756,12395473.1,0xa55BA5D915a53E3C0514fF4e232EB50aF12922EC,0.03654397881,5.59E-09,0.0365439786
DALC,Dalecoin,0x07d9e49ea402194bf48a8276dafb16e4ed633317,4821.744388,0x4591482D0c9d0AF061a42009FF1B3cD070396f87,0.03517392114,4.01E-08,0.03517391972
CRED,Verify,0x672a1ad4f667fb18a333af13667aa0af1f5b5bdd,283574.3589,0xB490fB04a938bAE28b0d77c3d86FAf47c1751485,0.0290154,392.1,0.0000735908791
KEY,Selfkey,0x4cc19356f2d37338b9802aa8e8fc58b0373296e7,5796920.2,0x4f27a38F33f668eA91FA34Ef29d8ff7B444D6327,0.0286758,3186.2,0.00000897019312
LIKE,LikeCoin,0x02f61fd266da6e8b102d4121f5ce7b992640cf98,1545102.825,0x40c2313279a97c9551Ae3d06a274De8364d1f3E0,0.02790948424,2003.009693,0.00001388506131
PRG,Paragon,0x7728dFEF5aBd468669EB7f9b48A7f70a501eD29D,1749531.542,0x817e391bAf312Dc5078CD7A98a7A0255ac63Ca48,0.02618031191,8.68E-11,0.02618031191
CLM,Claymore,0x0ed8343dfdee32e38b4c4ce15a3b00a59e90f3db,1978.937973,0x2433bD130055dc9DF537D431908FbF64782dF2F6,0.02391581016,46130.24056,5.17E-07
STORM,Storm,0xd0a4b8946cb52f0661273bfbc6fd0e0c75fc6433,14518792.95,0xb0b12C05df3237eB6F0cE7312B68c37E140Bf69b,0.01925835119,1557.939574,0.00001231645755
DADI,DADI,0xfb2f26f266fb2805a387230f2aa0a331b4d96fba,4308861.301,0xED06FE62f03b35C7582c9B63B1927EaFbCb42A01,0.01515041863,70.5,0.0002112671493
PI,PCHAIN,0xb9bb08ab7e9fa0a1356bd4a39ec0ca267e03b0b3,5214117.979,0x7174ef6B9cb528E954508264A9912dA905977422,0.01450348405,265.9238,0.00005417327386
FMF,Formosa Financial,0xb4d0fdfc8497aef97d3c2892ae682ee06064a2bc,188387.3211,0x3eE21d6A7FEed509daF5f224f1b23f6602C83fC8,0.01,12000,8.31E-07
MCO,Crypto.com,0xb63b606ac810a52cca15e44bb630fd42d8d1d83d,70196630.97,0xEdC485266AA0Ebe9CCbfc1f255BB5FFEA1f9e3cc,0.01,5.04E-11,0.009999999999
WINGS,Wings,0x667088b212ce3d06a1b553a7221E1fD19000d9aF,3331411.334,0x70876EADEa28Ac268564aD3a8B7313790b471436,0.009852625172,54.31865238,0.0001775820563
LEND,ETHLend,0x80fb784b7ed66730e8b1dbd9820afd29931aab03,5416467.383,0xcaA7e4656f6A2B59f5f99c745F91AB26D1210DCe,0.009852285342,269.989,0.00003624810317
WABI,Tael,0x286bda1413a2df81731d4930ce2f862a35a609fe,8888772.681,0x65b809F942B3ec5695BbF74670C3a78657168320,0.007255922304,10.24574558,0.0006434508801
SUSD,sUSD,0x57ab1e02fee23774580c119740129eac7081e9d3,1346157.715,0x69f276aBd6456152d519D23086031DA7c73F91b8,0.0048,0.9985022466,0
JSE,JSECOIN,0x2d184014b5658c453443aa87c8e9c4d57285620b,221409.0935,0xa248A46b97204b6F4D5B05ba824FBea46390D978,0.004525231359,1881,0.000002397270381
TYPE,Typerium,0xeaf61fc150cd5c3bea75744e830d916e60ea5a9f,1486016,0x48d5425c9eD8bf062Ea123aC568b42BF8bc02261,0.0045,1.00E-11,0.0045
HERC,Hercules,0x6251583e7d997df3604bc73b9779196e94a090ce,201666.7939,0x059aD96E38f027ccD127567dc09B164762bcd695,0.003704588358,4151.317901,8.89E-07
TRAC,OriginTrail,0xaa7a9ca87d3694b5755f213b5d04094b8d0f0a6f,5393014.054,0x38577ccec0cefFD178FD3Be66e1c6f531BFa410e,0.003509,18.9997241,0.0001749523063
LBA,Cred,0xfe5f141bf94fe84bc28ded0ab966c16b17490657,14871262.34,0xE79fE64771d5351b936eEaC6222682C3D878063E,0.003239829516,33.25137822,0.00009431424771
NEU,Neumark,0xa823e6722006afe99e91c30ff5295052fe6b8e32,3932952.539,0x34b0b7Ba7cd9eFa0582dCFbf5F6D4CFE344D8C47,0.003006313258,10,0.000272555635
RHOC,RChain,0x168296bb09e24a88805cb9c33356536b980d3fc5,25600966.1,0x394e524b47A3AB3D3327f7fF6629dC378c1494a3,0.001928375997,6.64E-10,0.001928375996
EVE,Devery,0x923108a439c4e8c2315c4f6521e5ce95b44e9b4c,293612.5182,0x23FFd1D8077B3e3679D48B9002dd11471e2295BC,0.001,50,0.00001955016962
LIT,Lition,0x763fa6806e1acf68130d2d0f0df754c93cc546b2,4352062.918,0x8f814b4f0C18968a6D7aada420eCEE74A33ECD3f,0.0005165261031,1.035998031,0.0002533089147
LA,LATOKEN,0xe50365f5d679cb98a1dd62d6f6e58e59321bcddf,35290945.01,0x28991ac221054bee3a38aE9aD0Fb3D0c3E45d0cF,0.00022,0.4004,0.0001569629312
BLUE,Blue Protocol,0x539efe69bcdd21a83efd9122571a64cc25e0282b,677954.4004,0x7EB81c7a0B322d31c11064105e14dce6e852E8c1,0.0001173898076,8.59E-11,0.0001173898076
QCH,QChi,0x687bfc3e73f6af55f0ccca8450114d107e781a0e,2588840.925,0x755899F0540c3548b99E68C59AdB0f15d2695188,0.0001014282177,1.53E-08,0.0001014282161
DCN,Dentacoin,0x08d32b0da63e2c3bcf8019c9c5d849d7a9d791e6,12705887.95,0xF73848b04c6315bB8DB6492C04bA20828C0c7BdC,0.0001,1.00E-18,0.0001
HAND,ShowHand,0x48c1b2f3efa85fbafb2ab951bf4ba860a08cdbb7,31720.91316,0xe20bDA8c541bDa6467d9034319E620e33B969d28,0.00002511289502,2.00E-18,0.00002511289502
ENG,Enigma,0xf0ee6b27b759c9893ce4f094b49ad28fd15a23e4,34121729.89,0x884715e2dCE8757C9EE19739C366b2C7C65f05b1,0.00002040940305,1.06E-12,0.00002040940305
SAN,Santiment Network Token,0x7c5a0ce9267ed19b22f8cae653f198e3e8daf098,55623879.69,0x8a8D7aD4b89D91983cd069C58C4AA9F2f4166298,3.80E-07,0.0001035891458,3.80E-07
DTH,Dether,0x5adc961d6ac3f7062d2ea45fefb8d8167d44b190,552522.9023,0xE18256CD23EFcDC4f95581e86f61EA1b09afD02a,2.07E-07,357.2036572,5.77E-10
AUC,Auctus,0xc12d099be31567add4e4e4d0d45691c3f58f5663,217902.4386,0x37134075F5B5a0a94ac891C7B5ec5DB5CfCf392C,7.56E-08,0.00101881808,7.55E-08
TAAS,TaaS,0xe7775a6e9bcf904eb39da2b68c5efb4f9360e08c,8821710.655,0x4Da5C31AB38A496a2513843DAb8721E9aeb876bF,2.43E-08,5.00E-18,2.43E-08
MITH,Mithril,0x3893b9422cd5d70a81edeffe3d5a1c6a978310bb,15223183.61,0x6469A4E75F37D9f8f4B1Cee6BB3C1a1fE933E2A7,3.00E-18,3000,0
AAA,Abulaba,0xd938137e6d96c72e4a6085412ada2dad78ff89c4,492.682999,0x4FC96501Dc4A33d2Ae5D67D844f4434f3EeF92D7,0,0,0
ADX,AdEx,0x4470bb87d77b963a013db939be332f927f2b992e,9122571.2,0xb800445dd982C1311523fD465aC44f55093B2b5B,0,0,0
AERGO,Aergo,0xae31b85bfe62747d0836b82608b4830361a3d37a,12068708.46,0x27f99DE8A71f09E9e567050192cE3005F0DCD0B3,0,0,0
AGI,SingularityNET,0x8eb24319393716668d768dcec29356ae9cffe285,20355014.96,0xdF02FFeaFdB79e564ae9fdaC6545C5f4c2178400,0,0,0
AMB,Ambrosus,0x4dc3643dbc642b72c158e7f3d2ff232df61cb6ce,4233338.891,0xCa265A7F4C9dc47b259850B696eBeFFA8BB18d9D,0,0,0
AOA,Aurora,0x9ab165d795019b6d8b3e971dda91071421305e5a,152642892.4,0x4a5875fc146005F7C3143aB403b9aAfA42f9B152,0,0,0
ARN,Aeron,0xBA5F11b16B155792Cf3B2E6880E8706859A8AEB6,5376512.804,0x05d9c70Cee7760FF3C7b50c3F7F9C0de24c0D840,0,0,0
AWC,Atomic Wallet Coin,0xad22f63404f7305e4713ccbd4f296f34770513f4,1006369.575,0x8AA3cc2Bf30Cb47f290Fd4E9B660bC3A685B9B3E,0,0,0
BAX,BABB,0x9a0242b7a33dacbe40edb927834f96eb39f8fbcb,1820657.167,0x7a43Ce3ef79AD8B7aDF23F4c1bDD0446fD7E4d76,0,0,0
BBO,Bigbom,0x84f7c44b6fed1080f647e354d552595be2cc602f,399948.5055,0x3c3351e44d32B36bF2AF97dE6F40b548b00cf654,0,0,0
BCDT,Blockchain Certified Data Token,0xacfa209fb73bf3dd5bbfb1101b9bc999c49062a5,852624.9762,0x7ACbB9FB0Aff7673951ba35963C8FDc370C6017C,0,0,0
BLZ,Bluzelle,0x5732046a883704404f284ce41ffadd5b007fd668,7578147.738,0x0310396B59C4d90762398b8c5a24D646701c6F18,0,0,0
BOMB,BOMB,0x1C95b093d6C236d3EF7c796fE33f9CC6b8606714,5537663.555,0x078E8AC023F6457264C96719CBeB94dDDEda9Dd5,0,0,0
BPT,Blockport,0x327682779bab2bf4d1337e8974ab9de8275a7ca8,328223.8593,0xb2744df7BfbB4802F44fd1B1fD9012502d4AF704,0,0,0
CAR,CarBlock,0x4d9e23a3842fe7eb7682b9725cf6c507c424a41b,null,0xf01b1232af4f94519933Dff65041227Ff52F11F9,0,0,0
CAT,BitClave,0x1234567461d3f8db7496581774bd869c83d51c93,391087.6365,0xa86d1180a63834dAC06ba67ddB777565A80a05ef,0,0,0
CEL,Celsius,0xaaaebe6fe48e54f431b0c390cfaf0b017d09d42d,null,0x91dEbb54De02872a259C17699D9B794Bc949fed2,0,0,0
CENNZ,Centrality,0x1122b6a0e00dce0563082b6e2953f3a943855c1f,20754156.06,0xb25b1703B37aE34D405AD9D053AaDA87967aba92,0,0,0
CET,CoinEx Token,0x081f67afa0ccf8c7b17540767bbe95df2ba8d97f,null,0x28Fe20afbf3450f13B803A639e19A8b0C005A5F3,0,0,0
CMCT,Crowd Machine,0x47bc01597798dcd7506dcca36ac4302fc93a8cfb,476806.7994,0x53e31a941b76EF1b486e86AA39BCd5aE56829870,0,0,0
CND,Cindicator,0xd4c435f5b09f855c3317c8524cb1f586e42795fa,14372826.47,0x21B8a991A203A440c83450564FDefa3DB10A5004,0,0,0
CNN,Content Neutrality Network,0x8713d26637cf49e1b6b4a7ce57106aabc9325343,4961261.514,0xe31a245102fc1aE72F80C6969F6475E85c897bBe,0,0,0
CNUS,CoinUs,0x722f2f3eac7e9597c73a593f7cf3de33fbfc3308,4344597.758,0x30b16Fc2b530DBf991e1b15Ed953Cc4585f0b27C,0,0,0
COT,CoTrader,0x5c872500c00565505f3624ab435c222e558e9ff8,663692.5789,0xf7e033ab0F295E1E240F2BE18A0650B2D2a1a4c3,0,0,0
CRO,Crypto.com Chain,0xa0b73e1ff0b80914ab6fe0444e65848c4c34450b,596645192.3,0x2135d193Bf81aBBEad93906166F2Be32B2492c04,0,0,0
CTRT,Cryptrust,0x8606a8f28e1e2fd50b9074d65c01548b1f040b32,9500.037104,0x25B7B2dc6551c14Af780E86582477b78420F86Cd,0,0,0
CYFM,CyberFM,0x3f06b5d78406cd97bdf10f5c420b241d32759c80,80074.25582,0xbCd5A12038E57F9F2a1C38199663730cC9D7043B,0,0,0
DENT,Dent,0x3597bfd533a99c9aa083587b074434e61eb0a258,51466494.85,0x9709EF0958B831865a97682D9EC08F897fE3B56f,0,0,0
DGTX,Digitex Futures,0x1c83501478f1320977047008496dacbd60bb15ef,25623022.54,0x24FBcBc276854Bd14F0E6E02FB7b740bAa52ca26,0,0,0
DREAM,DreamTeam Token,0x82f4ded9cec9b5750fbff5c2185aee35afc16587,1582616.836,0xbd04C3749506cE30eed93C06f93F18223c3fF5AA,0,0,0
EDR,Endor Protocol,0xc528c28fec0a90c083328bc45f587ee215760a0f,9930697.702,0x877104C369Bb563f3A893Fae861B4bAf0cDd9D37,0,0,0
EDU,EduCoin,0xf263292e14d9d8ecd55b58dad1f1df825a874b7c,null,0xAb2Da28aa5803c8dA0F6603e91e16daB3ba542d2,0,0,0
ELEC,Electrify.Asia,0xd49ff13661451313ca1553fd6954bd1d9b6e02b9,1008023.132,0x5d40522c20326F2Ebcec2D371f250e352E3BED27,0,0,0
ELITE,Ethereum Lite,0x0a76aad21948ea1ef447d26dee91a54370e151e0,null,0x5301a674fDAF0020c9e737B01129a7889C5fF523,0,0,0
ERC20,ERC20,0xc3761eb917cd790b30dad99f6cc5b4ff93c4f9ea,1525810.209,0xF50Bac10Faf905e95FfDc9F35b75Ee67117dAd2A,0,0,0
EURS,STASIS EURS,0xdb25f211ab05b1c97d595516f45794528a807ad8,35650831.63,0x4b4c63ea99e2835b9d899610c22084513F71Ee03,0,0,0
FLIXX,Flixxo,0xf04a8ac553fcedb5ba99a64799155826c136b0be,1127905.593,0x8355123d4E249c7e7f1543c1728855A2B51061EF,0,0,0
FREE,FREE Coin,0x2f141ce366a2462f02cea3d12cf93e4dca49e4fd,677808.7545,0x17f11fCa7A66E8049484ae0a74e0013c5719eC77,0,0,0
FTM,Fantom,0x4e15361fd6b4bb609fa63c81a2be19d873717870,38057357.53,0x060A0d4539623b6aa28d9fC39b9D6622ad495f41,0,0,0
FTXT,FUTURAX,0x41875c2332b0877cdfaa699b641402b7d4642c32,11187.34499,0x0506C1034579265CAFA9859A0b598613944b96Cc,0,0,0
GNT,Golem,0xa74476443119A942dE498590Fe1f2454d7D4aC0d,61308318.22,0x7D839EB463B121790C99e0f017c21F0189DcC167,0,0,0
GZE,GazeCoin,0x4ac00f287f36a6aad655281fe1ca6798c9cb727b,null,0x6171AA1829C9f9479206658De3B6dF4FA48F82c0,0,0,0
HBZ,HBZ coin,0xe34e1944e776f39b9252790a0527ebda647ae668,431024.131,0xD1A8c5ba35752E4b62C71C795A3F6481FaA4D36e,0,0,0
HERO,Hero,0x02585e4a14da274d02df09b222d4606b10a4e940,null,0xceF238e953938634cB5Fd5Fb1e7883Cc57723288,0,0,0
HGT,HelloGold,0xba2184520a1cc49a6159c57e61e1844e085615b6,335705.5873,0x658D3a5467e4b90a967530Cf73718F453f35B2ac,0,0,0
HOT,Hydro Protocol,0x9af839687f6c94542ac5ece2e317daae355493a1,4529607.674,0xe123575bF28aB05A65DE145061ba747887DeeAE3,0,0,0
HPT,Huobi Pool Token,0xa66Daa57432024023DB65477BA87D4E7F5f95213,null,0xFe3F05c7DA9fE53591fAB3F920798A67a95747ed,0,0,0
HYDRO,Hydro,0xebbdf302c940c6bfd49c6b165f457fdb324649bc,10634938.23,0xda28E640d58b4035Bf60Ba5900cB9a7c6618EC2a,0,0,0
IDT,InvestDigital,0x02c4c78c462e32cca4a90bc499bf411fb7bc6afb,null,0x3FbC2275de71427AAebBE0e5E6Bc13Fe8F27Fa9E,0,0,0
IDXM,IDEX Membership,0xcc13fc627effd6e35d2d2706ea3c4d7396c610ea,539778.0422,0xEd1af8c036fcAEbc5be8FcbF4a85d08F67Ce5Fa1,0,0,0
IHF,Invictus Hyperion Fund,0xaf1250fa68d7decd34fd75de8742bc03b29bd58e,10385973.59,0xAEb8fB9D0A3F21AB88fC12435CDC4aae13799eb6,0,0,0
INB,Insight Chain,0x17aa18a4b64a55abed7fa543f2ba4e91f2dce482,99397015.33,0x3a891d655c929B22E3d6791238f3a4545e31b81e,0,0,0
IND,Indorse Token,0xf8e386eda857484f5a12e4b5daa9984e06e73705,323989.6646,0x57c6e18EE62Fc660575dB273Ffaab02436AAD222,0,0,0
INE,IntelliShare,0x86e6a4f512b1290c043970b04e0b570d4fc98291,11848803.09,0x5840BcE111A41B90067DC2d4dF423805EDAd9ccE,0,0,0
IPSX,IP Exchange,0x001f0aa5da15585e5b2305dbab2bac425ea71007,428652.9972,0x311AA89EF339DB0579F612f5edd592D7774a221f,0,0,0
ITT,Intelligent Trading Foundation,0x0aef06dcccc531e581f0440059e6ffcc206039ee,47604.53435,0x20149F1672175c7118bdBf966BfB6A02bF733810,0,0,0
JS,JavaScript Token,0x5046e860ff274fb8c66106b0ffb8155849fb0787,6483.701617,0xa1A73676Cf4D50DB2A5472F270538CbA96482CBE,0,0,0
KBC,Karatgold Coin,0xf3586684107ce0859c44aa2b2e0fb8cd8731a15a,null,0x2837eF3e8E0558CE0bFE465CFA4F8Ba826683090,0,0,0
KCS,KuCoin Shares,0x039b5649a59967e3e936d7471f9c3700100ee1ab,123171040.4,0xC0E77cDD039a3F731Ae0f5C6c9f4A91D4BC28880,0,0,0
LALA,LALA World,0xfd107b473ab90e8fbd89872144a3dc92c40fa8c9,729222.4818,0x6886F9DcBDAD3CB8C6684f2fe78DE5318c177068,0,0,0
LIF,Winding Tree,0xeb9951021698b42e4399f9cbb6267aa35f82d59d,1425515.921,0x055BAb4bcC17d2AB155fff017fC5E093556C6aD2,0,0,0
LTO,LTO Network,0x3db6ba6ab6f95efed1a6e794cad492faaabf294d,17223896.69,0x017D2735Eb562D0Ad9abC2a91801f4ca96F6BFA9,0,0,0
MAS,MidasProtocol,0x23ccc43365d9dd3882eab88f43d515208f832430,1659687.304,0xe2F548A3B898ecA923BD61919F2635b071A7F95E,0,0,0
MATIC,Matic Network,0x7D1AfA7B718fb893dB30A3aBc0Cfc608AaCfeBB0,25896472.68,0x9a7A75E66B325a3BD46973B2b57c9b8d9D26a621,0,0,0
MEDIBIT,MediBit,0x737fa0372c8d001904ae6acaf0552d4015f9c947,null,0x68326300DF49ec6387E75690857424c2ae111750,0,0,0
MFG,SyncFab,0x6710c63432a2de02954fc0f851db07146a6c0312,563696.5619,0x27882BfeabcD4bA886854c03206d12c17be5F001,0,0,0
MLN,Melon,0xbeb9ef514a379b997e0798fdcc901ee474b6d9a1,5661987.77,0xaec97872D14aC79e95Fff18c169BFd183efc6962,0,0,0
MRPH,Morpheus.Network,0x7b0c06043468469967dba22d1af33d77d44056c8,7120328.077,0x60298a63804d730Bf0Fbb79d4010193D5d9b8E5D,0,0,0
MTL,Metal,0xF433089366899D83a9f26A773D59ec7eCF30355e,18104413.11,0xc5d192F702Cc7cE84355dF9D41Af14BdE5024Cc9,0,0,0
MTN,Medicalchain,0x41dbecc1cdc5517c6f76f6a6e836adbee2754de3,2037713.697,0xc3ee3BE4F46CD5cA30406C37f074031cfE3AE181,0,0,0
MTV,MultiVAC,0x8aa688AB789d1848d131C65D98CEAA8875D97eF1,4519620.961,0x3ACB0E353759645D2c8AE098E2238956CEB681fB,0,0,0
MYST,Mysterium,0xa645264c5603e96c3b0b078cdab68733794b0a71,1455411.884,0x6380Ab7C66DF788E30C5762F5884B9129D178B80,0,0,0
NTK,Neurotoken,0x69beab403438253f13b6e92db91f7fb849258263,1421475.642,0x46c106A6BEfDDD066b202C9763CCC55C6f6C429B,0,0,0
NUG,Nuggets,0x245ef47d4d0505ecf3ac463f4d81f41ade8f1fd1,1418736.258,0x0887f5a22D0f258f11fb1562b6B5504efD5FF021,0,0,0
OCEAN,Ocean Protocol,0x985dd3d42de1e256d09e1c10f112bccb8015ad41,5903502.61,0xa59cC1618D144ccAC2bfb46F61272CEbf00D90d5,0,0,0
OGO,Origo,0xff0e5e014cf97e0615cb50f6f39da6388e2fae6e,5753545.986,0xC1A08EA89e5D550D22471159c995d2aCAA6e43D0,0,0,0
OMG,OmiseGO,0xd26114cd6EE289AccF82350c8d8487fedB8A0C07,223899004.2,0xDdee242662323a3cff3F9AA139fFA496aC3C73B0,0,0,0
PAY,TenX,0xb97048628db6b661d4c2aa833e95dbe1a905b280,15095275.24,0x6f1c46e91Ce29d430E31205EAD148b0beE46b9Fc,0,0,0
PLAY,HEROcoin,0xe477292f1b3268687a29376116b0ed27a9c76170,788435.9026,0xF43B2329130cFd87b322E49B96681E09F1eF172f,0,0,0
PLR,Pillar,0xe3818504c1b32bf1557b16c238b2e01fd3149c17,11014185.03,0x9631959BA6e2624F004302AF262cc5F8c81C9058,0,0,0
PPP,PayPie,0xc42209accc14029c1012fb5680d95fbd6036e2a0,13826371.02,0x1B810f17eeEf12838fe059C926093B30653e7567,0,0,0
PRIX,Privatix,0x3adfc4999f77d04c8341bac5f3a76f58dff5b37a,1071492.248,0x7c4Ee2b53Ea4A7893B2794ba5Fcc305ef426be0f,0,0,0
PTOY,Patientory,0x8ae4bf2c33a8e667de34b54938b0ccd03eb8cc06,560794.7551,0xE8Bc0a210aAF86dAb4DD600facA5CfE492e2e084,0,0,0
QNT,Quant,0x4a220e6096b25eadb88358cb44068a3248254675,108572985,0xc7EB739E2651484DAA1717433dE1736A6529cFcC,0,0,0
RC20,RoboCalls,0x61b2d3ea9f1c6b387c985c73d40e8fbfb284e5c7,null,0x9394C20adca4512DfC3d3c184c648E4193462Ebb,0,0,0
REAL,REAL,0x9214ec02cb71cba0ada6896b8da260736a67ab10,389087.5311,0x5a7d213C2cA1B5068b489f8b55A7A1ec87ED9180,0,0,0
RIYA,Etheriya,0x0b1724cc9fda0186911ef6a75949e9c0d3f0f2f3,53788.40206,0xd284AeDC33522c85949576ECa69414020D15ccb6,0,0,0
RSR,Reserve Rights,0x8762db106b2c2a0bccb3a80d1ed41273552616e8,11699717.11,0xEeeeC06f48656e921B39e30D9A205cB2b08EA465,0,0,0
SENT,Sentinel,0xa44e5137293e855b1b7bc7e2c6f8cd796ffcb037,3595949.651,0x0B5Ce6f7cBe0627AA8Ad2E7E69ED554C0fe79162,0,0,0
SHP,Sharpe Platform Token,0xef2463099360a085f1f10b076ed72ef625497a06,8007.265967,0x25A2273f0654B35C5dAf8cd129f44e6Bd32146F0,0,0,0
SNGLS,SingularDTV,0xaec2e87e0a235266d9c5adc9deb4b2e29b54d009,5904243.935,0x61061E00A5ACdA7886CCcE2A051539Ef2FcA1ce6,0,0,0
STAR,Starbase,0xf70a642bd387f94380ffb90451c2c81d4eb82cbc,216692.045,0x26FedC50Bd36d2Fa9997242B97AD62b87bF7a7b9,0,0,0
STR,Staker,0xbae235823d7255d9d48635ced4735227244cd583,2964.711974,0xc99B59fFAE2abE1d66c2Eb5A517BE0f1b813C98B,0,0,0
SWM,Swarm,0x9e88613418cf03dca54d6a2cf6ad934a78c7a17a,6375896.987,0xC3c028721F854BC75967Cbe432fB0e221908Baa1,0,0,0
SXUT,Spectre.ai Utility Token,0x2c82c73d5b34aa015989462b2948cd616a37641f,1666804.183,0x6a69DDbBf936FC343CBeFb4e4EDbF6DbC4002e04,0,0,0
TAU,Lamden,0xc27a2f05fa577a83ba0fdb4c38443c0718356501,2010240.413,0x72fEa1B0bF11c86E461c38D9F73e78Dd21000D64,0,0,0
TRAT,Tratok,0x0cbc9b02b8628ae08688b5cc8134dc09e36c443b,null,0x57A579ac8D28264784D61897b407EE693028a070,0,0,0
TRXC,TRONCLASSIC,0xad5fe5b0b8ec8ff4565204990e4405b2da117d8e,2687488.494,0x722b75Eb9a631b0237EE074E8b74818f2D6911bc,0,0,0
TUSD,TrueUSD,0x0000000000085d4780B73119b644AE5ecd22b376,207511086.7,0x5048b9d01097498Fd72F3F14bC9Bc74A5aAc8fA7,0,0,0
UBN,Ubricoin,0xdb13025b219db5e4529f48b65ff009a26b6ae733,null,0x170cB1c6B6Ca03f693C79617001f83a47BEdEa8c,0,0,0
VERI,Veritaseum,0x8f3470A7388c05eE4e7AF3d01D8C722b0FF52374,36614297.71,0x17e5BF07D696eaf0d14caA4B44ff8A1E17B34de3,0,0,0
VIB,Viberate,0x2c974b2d0ba1716e644c1fc59982a89ddd2ff724,5585122.942,0xcC763E9Add17a9d77B5B1B0fb7CB6E51508E3008,0,0,0
VIDT,V-ID,0x445f51299ef3307dbd75036dd896565f5b4bf7a5,6834153.321,0x0cFa80B92A082c680e109D66A29c54fB179D21D0,0,0,0
VLD,Vetri,0x922ac473a3cc241fd3a0049ed14536452d58d73c,266662.1558,0x83C50F91c7147d7de832d11b95404ba306b07A69,0,0,0
WIB,Wibson,0x3f17dd476faf0a4855572f0b6ed5115d9bba22ad,1020842.702,0xAD014D0Dc396e4333778832d24E3A5E78B3593Be,0,0,0
WPR,WePower,0x4CF488387F035FF08c371515562CBa712f9015d4,4435568.204,0x72208A7D8c11cB28C8E6d32E1A070015786c0823,0,0,0
X8X,X8X Token,0x910dfc18d6ea3d6a7124a6f8b5458f281060fa4c,691733.2564,0x6Dd1d97e5817ca376e653A1e7326E0563d13CEeb,0,0,0
XES,Proxeus,0xa017ac5fac5941f95010b12570b812c974469c2c,517556.125,0x225026D626E45FA662e6a71F679efF0CAc3054f1,0,0,0
YUP,Crowdholding,0xd9a12cde03a86e800496469858de8581d3a5353d,80984.1653,0x26a9717F658eEED4bA5dbdbA5908fB34149c44dB,0,0,0
ZCN,0Chain,0xb9ef770b6a5e12e45983c5d80545258aa38f3b78,1468489.063,0x1C116d67e0bF0cf5cb0Ad5a74a041d26e89271e7,0,0,0
ZCO,Zebi,0x2008e3057bd734e10ad13c9eae45ff132abc1722,4133970.734,0x30cfCb60496aEa8BADa3Be97E8cA3f71560Bf4EF,0,0,0
ZEON,ZEON,0xe5b826ca2ca02f09c1725e9bd98d9a8874c30532,1205960.262,0x125c074a1D2060cF4Ff5632FA0b3eDd55918051a,0,0,0